,Index,Movie_Name,Release_Year,Certificate,Run_Time,Rating,Summary,Director,Actors,Gross_Income
0,1.,The Shawshank Redemption,1994,A,142 min,9.3,"  Two imprisoned men bond over a number of years, finding solace and eventual redemption through acts of common decency.",Frank Darabont,"Frank Darabont,Tim Robbins,Morgan Freeman,Bob Gunton",$28.34M
1,2.,The Godfather,1972,A,175 min,9.2,  The aging patriarch of an organized crime dynasty transfers control of his clandestine empire to his reluctant son.,Francis Ford Coppola,"Francis Ford Coppola,Marlon Brando,Al Pacino,James Caan",$134.97M
2,3.,The Dark Knight,2008,UA,152 min,9.0,"  When the menace known as The Joker emerges from his mysterious past, he wreaks havoc and chaos on the people of Gotham. The Dark Knight must accept one of the greatest psychological and physical tests of his ability to fight injustice.",Christopher Nolan,"Christopher Nolan,Christian Bale,Heath Ledger,Aaron Eckhart",$534.86M
3,4.,The Godfather: Part II,1974,No Data,202 min,9.0,"  The early life and career of Vito Corleone in 1920s New York City is portrayed, while his son, Michael, expands and tightens his grip on the family crime syndicate.",Francis Ford Coppola,"Francis Ford Coppola,Al Pacino,Robert De Niro,Robert Duvall",$57.30M
4,5.,The Lord of the Rings: The Return of the King,2003,PG-13,201 min,8.9,  Gandalf and Aragorn lead the World of Men against Sauron's army to draw his gaze from Frodo and Sam as they approach Mount Doom with the One Ring.,Peter Jackson,"Peter Jackson,Elijah Wood,Viggo Mortensen,Ian McKellen",$377.85M
5,6.,Pulp Fiction,1994,A,154 min,8.9,"  The lives of two mob hitmen, a boxer, a gangster and his wife, and a pair of diner bandits intertwine in four tales of violence and redemption.",Quentin Tarantino,"Quentin Tarantino,John Travolta,Uma Thurman,Samuel L. Jackson",$107.93M
6,7.,Schindler's List,1993,A,195 min,8.9,"  In German-occupied Poland during World War II, industrialist ",Oskar Schindler,"Oskar Schindler,Steven Spielberg,Liam Neeson,Ralph Fiennes",$96.90M
7,8.,12 Angry Men,1957,No Data,96 min,8.9,  A jury holdout attempts to prevent a miscarriage of justice by forcing his colleagues to reconsider the evidence.,Sidney Lumet,"Sidney Lumet,Henry Fonda,Lee J. Cobb,Martin Balsam",$4.36M
8,9.,Fight Club,1999,A,139 min,8.8,"  An insomniac office worker and a devil-may-care soapmaker form an underground fight club that evolves into something much, much more.",David Fincher,"David Fincher,Brad Pitt,Edward Norton,Meat Loaf",$37.03M
9,10.,The Lord of the Rings: The Fellowship of the Ring,2001,PG-13,178 min,8.8,  A meek Hobbit from the Shire and eight companions set out on a journey to destroy the powerful One Ring and save Middle-earth from the Dark Lord Sauron.,Peter Jackson,"Peter Jackson,Elijah Wood,Ian McKellen,Orlando Bloom",$315.54M
10,11.,Forrest Gump,1994,PG-13,142 min,8.8,"  The presidencies of Kennedy and Johnson, the events of Vietnam, Watergate, and other history unfold through the perspective of an Alabama man with an IQ of 75.",Robert Zemeckis,"Robert Zemeckis,Tom Hanks,Robin Wright,Gary Sinise",$330.25M
11,12.,Seppuku,1962,No Data,133 min,8.8,  An elder ronin samurai arrives at a feudal lord's home and requests an honorable place to commit suicide. But when the ronin inquires about a younger samurai who arrived before him things take an unexpected turn.,Masaki Kobayashi,"Masaki Kobayashi,Tatsuya Nakadai,Akira Ishihama,Shima Iwashita",No Data
12,13.,The Lord of the Rings: The Two Towers,2002,PG,179 min,8.7,"  While Frodo and Sam edge closer to Mordor with the help of the shifty Gollum, the divided fellowship makes a stand against Sauron's new ally, Saruman, and his hordes of Isengard.",Peter Jackson,"Peter Jackson,Elijah Wood,Ian McKellen,Viggo Mortensen",$342.55M
13,14.,Goodfellas,1990,A,146 min,8.7,"  The story of Henry Hill and his life in the mob, covering his relationship with his wife Karen Hill and his mob partners Jimmy Conway and Tommy DeVito in the Italian-American crime syndicate.",Martin Scorsese,"Martin Scorsese,Robert De Niro,Ray Liotta,Joe Pesci",$46.84M
14,15.,One Flew Over the Cuckoo's Nest,1975,No Data,133 min,8.7,  A criminal pleads insanity after getting into trouble again and once in the mental institution rebels against the oppressive nurse and rallies up the scared patients.,Milos Forman,"Milos Forman,Jack Nicholson,Louise Fletcher,Will Sampson",$112.00M
15,16.,Interstellar,2014,UA,169 min,8.6,  A team of explorers travel through a wormhole in space in an attempt to ensure humanity's survival.,Christopher Nolan,"Christopher Nolan,Matthew McConaughey,Anne Hathaway,Jessica Chastain",$188.02M
16,17.,Cidade de Deus,2002,R,130 min,8.6,"  In the slums of Rio, two kids' paths diverge as one struggles to become a photographer and the other a kingpin.",Fernando Meirelles,"Fernando Meirelles,Kátia Lund,Alexandre Rodrigues,Leandro Firmino",$7.56M
17,18.,Saving Private Ryan,1998,A,169 min,8.6,"  Following the Normandy Landings, a group of U.S. soldiers go behind enemy lines to retrieve a paratrooper whose brothers have been killed in action.",Steven Spielberg,"Steven Spielberg,Tom Hanks,Matt Damon,Tom Sizemore",$216.54M
18,19.,The Green Mile,1999,A,189 min,8.6,"  The lives of guards on Death Row are affected by one of their charges: a black man accused of child murder and rape, yet who has a mysterious gift.",Frank Darabont,"Frank Darabont,Tom Hanks,Michael Clarke Duncan,David Morse",$136.80M
19,20.,La vita è bella,1997,PG-13,116 min,8.6,"  When an open-minded Jewish librarian and his son become victims of the Holocaust, he uses a perfect mixture of will, humor, and imagination to protect his son from the dangers around their camp.",Roberto Benigni,"Roberto Benigni,Roberto Benigni,Nicoletta Braschi,Giorgio Cantarini",$57.60M
20,21.,Se7en,1995,R,127 min,8.6,"  Two detectives, a rookie and a veteran, hunt a serial killer who uses the seven deadly sins as his motives.",David Fincher,"David Fincher,Morgan Freeman,Brad Pitt,Kevin Spacey",$100.13M
21,22.,The Silence of the Lambs,1991,A,118 min,8.6,"  A young F.B.I. cadet must receive the help of an incarcerated and manipulative cannibal killer to help catch another serial killer, a madman who skins his victims.",Jonathan Demme,"Jonathan Demme,Jodie Foster,Anthony Hopkins,Lawrence A. Bonney",$130.74M
22,23.,Shichinin no samurai,1954,No Data,207 min,8.6,  A poor village under attack by bandits recruits seven unemployed samurai to help them defend themselves.,Akira Kurosawa,"Akira Kurosawa,Toshirô Mifune,Takashi Shimura,Keiko Tsushima",$0.27M
23,24.,It's a Wonderful Life,1946,PG,130 min,8.6,  An angel is sent from Heaven to help a desperately frustrated businessman by showing him what life would have been like if he had never existed.,Frank Capra,"Frank Capra,James Stewart,Donna Reed,Lionel Barrymore",No Data
24,25.,Capharnaüm,2018,R,126 min,8.5,"  While serving a five-year sentence for a violent crime, a 12-year-old boy sues his parents for neglect.",Nadine Labaki,"Nadine Labaki,Zain Al Rafeea,Yordanos Shiferaw,Boluwatife Treasure Bankole",$1.66M
25,26.,Whiplash,2014,A,106 min,8.5,  A promising young drummer enrolls at a cut-throat music conservatory where his dreams of greatness are mentored by an instructor who will stop at nothing to realize a student's potential.,Damien Chazelle,"Damien Chazelle,Miles Teller,J.K. Simmons,Melissa Benoist",$13.09M
26,27.,The Intouchables,2011,UA,112 min,8.5,"  After he becomes a quadriplegic from a paragliding accident, an aristocrat hires a young man from the projects to be his caregiver.",Olivier Nakache,"Olivier Nakache,Éric Toledano,François Cluzet,Omar Sy",$13.18M
27,28.,The Prestige,2006,PG-13,130 min,8.5,"  After a tragic accident, two stage magicians engage in a battle to create the ultimate illusion while sacrificing everything they have to outwit each other.",Christopher Nolan,"Christopher Nolan,Christian Bale,Hugh Jackman,Scarlett Johansson",$53.09M
28,29.,The Departed,2006,A,151 min,8.5,  An undercover cop and a mole in the police attempt to identify each other while infiltrating an Irish gang in South Boston.,Martin Scorsese,"Martin Scorsese,Leonardo DiCaprio,Matt Damon,Jack Nicholson",$132.38M
29,30.,The Pianist,2002,R,150 min,8.5,  A Polish Jewish musician struggles to survive the destruction of the Warsaw ghetto of World War II.,Roman Polanski,"Roman Polanski,Adrien Brody,Thomas Kretschmann,Frank Finlay",$32.57M
30,31.,Gladiator,2000,R,155 min,8.5,  A former Roman General sets out to exact vengeance against the corrupt emperor who murdered his family and sent him into slavery.,Ridley Scott,"Ridley Scott,Russell Crowe,Joaquin Phoenix,Connie Nielsen",$187.71M
31,32.,American History X,1998,A,119 min,8.5,  A former neo-nazi skinhead tries to prevent his younger brother from going down the same wrong path that he did.,Tony Kaye,"Tony Kaye,Edward Norton,Edward Furlong,Beverly D'Angelo",$6.72M
32,33.,Léon,1994,A,110 min,8.5,"  Mathilda, a 12-year-old girl, is reluctantly taken in by Léon, a professional assassin, after her family is murdered. Léon and Mathilda form an unusual relationship, as she becomes his protégée and learns the assassin's trade.",Luc Besson,"Luc Besson,Jean Reno,Gary Oldman,Natalie Portman",$19.50M
33,34.,The Lion King,1994,U,88 min,8.5,"  A Lion cub crown prince is tricked by a treacherous uncle into thinking he caused his father's death and flees into exile in despair, only to learn in adulthood his identity and his responsibilities.",Roger Allers,"Roger Allers,Rob Minkoff,Matthew Broderick,Jeremy Irons",$422.78M
34,35.,Nuovo Cinema Paradiso,1988,R,155 min,8.5,  A filmmaker recalls his childhood when falling in love with the pictures at the cinema of his home village and forms a deep friendship with the cinema's projectionist.,Giuseppe Tornatore,"Giuseppe Tornatore,Philippe Noiret,Enzo Cannavale,Antonella Attili",$11.99M
35,36.,Hotaru no haka,1988,No Data,89 min,8.5,  A young boy and his little sister struggle to survive in Japan during World War II.,Isao Takahata,"Isao Takahata,Tsutomu Tatsumi,Ayano Shiraishi,Akemi Yamaguchi",No Data
36,37.,Casablanca,1942,PG,102 min,8.5,  A cynical American expatriate struggles to decide whether or not he should help his former lover and her fugitive husband escape French Morocco.,Michael Curtiz,"Michael Curtiz,Humphrey Bogart,Ingrid Bergman,Paul Henreid",$1.02M
37,38.,The Great Dictator,1940,No Data,125 min,8.5,  Dictator Adenoid Hynkel tries to expand his empire while a poor Jewish barber tries to avoid persecution from Hynkel's regime.,Charles Chaplin,"Charles Chaplin,Charles Chaplin,Paulette Goddard,Jack Oakie",No Data
38,39.,Modern Times,1936,No Data,87 min,8.5,  The Tramp struggles to live in modern industrial society with the help of a young homeless woman.,Charles Chaplin,"Charles Chaplin,Charles Chaplin,Paulette Goddard,Henry Bergman",$0.16M
39,40.,City Lights,1931,G,87 min,8.5,"  With the aid of a wealthy erratic tippler, a dewy-eyed tramp who has fallen in love with a sightless flower girl accumulates money to be able to help her medically.",Charles Chaplin,"Charles Chaplin,Charles Chaplin,Virginia Cherrill,Florence Lee",$0.02M
40,41.,Kimi no na wa.,2016,PG,106 min,8.4,"  Two strangers find themselves linked in a bizarre way. When a connection forms, will distance be the only thing to keep them apart?",Makoto Shinkai,"Makoto Shinkai,Ryûnosuke Kamiki,Mone Kamishiraishi,Ryô Narita",$5.02M
41,42.,Dangal,2016,U,161 min,8.4,  Former wrestler ,Mahavir Singh Phogat,"Mahavir Singh Phogat,Nitesh Tiwari,Aamir Khan,Sakshi Tanwar",$12.39M
42,43.,Django Unchained,2012,A,165 min,8.4,"  With the help of a German bounty hunter, a freed slave sets out to rescue his wife from a brutal Mississippi plantation owner.",Quentin Tarantino,"Quentin Tarantino,Jamie Foxx,Christoph Waltz,Leonardo DiCaprio",$162.81M
43,44.,3 Idiots,2009,UA,170 min,8.4,"  Two friends are searching for their long lost companion. They revisit their college days and recall the memories of their friend who inspired them to think differently, even as the rest of the world called them ""idiots"".",Rajkumar Hirani,"Rajkumar Hirani,Aamir Khan,Madhavan,Mona Singh",$6.53M
44,45.,Taare Zameen Par,2007,U,165 min,8.4,"  An eight-year-old boy is thought to be a lazy trouble-maker, until the new art teacher has the patience and compassion to discover the real problem behind his struggles in school.",Aamir Khan,"Aamir Khan,Amole Gupte,Darsheel Safary,Aamir Khan",$1.22M
45,46.,The Lives of Others,2006,A,137 min,8.4,"  In 1984 East Berlin, an agent of the secret police, conducting surveillance on a writer and his lover, finds himself becoming increasingly absorbed by their lives.",Florian Henckel von Donnersmarck,"Florian Henckel von Donnersmarck,Ulrich Mühe,Martina Gedeck,Sebastian Koch",$11.29M
46,47.,Oldeuboi,2003,UA,101 min,8.4,"  After being kidnapped and imprisoned for fifteen years, Oh Dae-Su is released, only to find that he must find his captor in five days.",Chan-wook Park,"Chan-wook Park,Min-sik Choi,Ji-tae Yu,Hye-jeong Kang",$0.71M
47,48.,Once Upon a Time in America,1984,R,229 min,8.4,"  A former Prohibition-era Jewish gangster returns to the Lower East Side of Manhattan over thirty years later, where he once again must confront the ghosts and regrets of his old life.",Sergio Leone,"Sergio Leone,Robert De Niro,James Woods,Elizabeth McGovern",$5.32M
48,49.,The Shining,1980,A,146 min,8.4,"  A family heads to an isolated hotel for the winter where a sinister presence influences the father into violence, while his psychic son sees horrific forebodings from both past and future.",Stanley Kubrick,"Stanley Kubrick,Jack Nicholson,Shelley Duvall,Danny Lloyd",$44.02M
49,50.,Apocalypse Now,1979,R,147 min,8.4,  A U.S. Army officer serving in Vietnam is tasked with assassinating a renegade Special Forces Colonel who sees himself as a god.,Francis Ford Coppola,"Francis Ford Coppola,Martin Sheen,Marlon Brando,Robert Duvall",$83.47M
50,51.,Witness for the Prosecution,1957,No Data,116 min,8.4,  A veteran British barrister must defend his client in a murder trial that has surprise after surprise.,Billy Wilder,"Billy Wilder,Tyrone Power,Marlene Dietrich,Charles Laughton",$8.18M
51,52.,Paths of Glory,1957,No Data,88 min,8.4,"  After refusing to attack an enemy position, a general accuses the soldiers of cowardice and their commanding officer must defend them.",Stanley Kubrick,"Stanley Kubrick,Kirk Douglas,Ralph Meeker,Adolphe Menjou",No Data
52,53.,Sunset Blvd.,1950,No Data,110 min,8.4,  A screenwriter develops a dangerous relationship with a faded film star determined to make a triumphant return.,Billy Wilder,"Billy Wilder,William Holden,Gloria Swanson,Erich von Stroheim",No Data
53,54.,Drishyam,2015,UA,163 min,8.3,"  Desperate measures are taken by a man who tries to save his family from the dark side of the law, after they commit an unexpected crime.",Nishikant Kamat,"Nishikant Kamat,Ajay Devgn,Shriya Saran,Tabu",$0.74M
54,55.,Jagten,2012,R,115 min,8.3,"  A teacher lives a lonely life, all the while struggling over his son's custody. His life slowly gets better as he finds love and receives good news from his son, but his new luck is about to be brutally shattered by an innocent little lie.",Thomas Vinterberg,"Thomas Vinterberg,Mads Mikkelsen,Thomas Bo Larsen,Annika Wedderkopp",$0.69M
55,56.,Jodaeiye Nader az Simin,2011,PG-13,123 min,8.3,  A married couple are faced with a difficult decision - to improve the life of their child by moving to another country or to stay in Iran and look after a deteriorating parent who has Alzheimer's disease.,Asghar Farhadi,"Asghar Farhadi,Payman Maadi,Leila Hatami,Sareh Bayat",$7.10M
56,57.,Incendies,2010,R,131 min,8.3,  Twins journey to the Middle East to discover their family history and fulfill their mother's last wishes.,Denis Villeneuve,"Denis Villeneuve,Lubna Azabal,Mélissa Désormeaux-Poulin,Maxim Gaudette",$6.86M
57,58.,Babam ve Oglum,2005,No Data,108 min,8.3,  The family of a left-wing journalist is torn apart after a military coup in 1980's Turkey.,Çagan Irmak,"Çagan Irmak,Çetin Tekindor,Fikret Kuskan,Hümeyra",No Data
58,59.,Inglourious Basterds,2009,A,153 min,8.3,"  In Nazi-occupied France during World War II, a plan to assassinate Nazi leaders by a group of Jewish U.S. soldiers coincides with a theatre owner's vengeful plans for the same.",Quentin Tarantino,"Quentin Tarantino,Brad Pitt,Diane Kruger,Eli Roth",$120.54M
59,60.,Eternal Sunshine of the Spotless Mind,2004,A,108 min,8.3,"  When their relationship turns sour, a couple undergoes a medical procedure to have each other erased from their memories.",Michel Gondry,"Michel Gondry,Jim Carrey,Kate Winslet,Tom Wilkinson",$34.40M
60,61.,Requiem for a Dream,2000,R,102 min,8.3,  The drug-induced utopias of four Coney Island people are shattered when their addictions run deep.,Darren Aronofsky,"Darren Aronofsky,Ellen Burstyn,Jared Leto,Jennifer Connelly",$3.64M
61,62.,American Beauty,1999,A,122 min,8.3,  A sexually frustrated suburban father has a mid-life crisis after becoming infatuated with his daughter's best friend.,Sam Mendes,"Sam Mendes,Kevin Spacey,Annette Bening,Thora Birch",$130.10M
62,63.,Good Will Hunting,1997,R,126 min,8.3,"  Will Hunting, a janitor at M.I.T., has a gift for mathematics, but needs help from a psychologist to find direction in his life.",Gus Van Sant,"Gus Van Sant,Robin Williams,Matt Damon,Ben Affleck",$138.43M
63,64.,Bacheha-Ye aseman,1997,PG,89 min,8.3,"  After a boy loses his sister's pair of shoes, he goes on a series of adventures in order to find them. When he can't, he tries a new way to ""win"" a new pair.",Majid Majidi,"Majid Majidi,Mohammad Amir Naji,Amir Farrokh Hashemian,Bahare Seddiqi",$0.93M
64,65.,Eskiya,1996,No Data,128 min,8.3,"  Baran the Bandit, released from prison after 35 years searches for vengeance and his lover.",Yavuz Turgul,"Yavuz Turgul,Sener Sen,Ugur Yücel,Sermin Hürmeriç",No Data
65,66.,Braveheart,1995,R,178 min,8.3,"  When his secret bride is executed for assaulting an English soldier who tried to rape her, William Wallace begins a revolt against King Edward I of England.",Mel Gibson,"Mel Gibson,Mel Gibson,Sophie Marceau,Patrick McGoohan",$75.60M
66,67.,Reservoir Dogs,1992,R,99 min,8.3,"  When a simple jewelry heist goes horribly wrong, the surviving criminals begin to suspect that one of them is a police informant.",Quentin Tarantino,"Quentin Tarantino,Harvey Keitel,Tim Roth,Michael Madsen",$2.83M
67,68.,Full Metal Jacket,1987,No Data,116 min,8.3,  A pragmatic U.S. Marine observes the dehumanizing effects the Vietnam War has on his fellow recruits from their brutal boot camp training to the bloody street fighting in Hue.,Stanley Kubrick,"Stanley Kubrick,Matthew Modine,R. Lee Ermey,Vincent D'Onofrio",$46.36M
68,69.,Idi i smotri,1985,No Data,142 min,8.3,"  After finding an old rifle, a young boy joins the Soviet resistance movement against ruthless German forces and experiences the horrors of World War II.",Elem Klimov,"Elem Klimov,Aleksey Kravchenko,Olga Mironova,Liubomiras Laucevicius",No Data
69,70.,Amadeus,1984,R,160 min,8.3,"  The life, success and troubles of Wolfgang Amadeus Mozart, as told by Antonio Salieri, the contemporaneous composer who was insanely jealous of Mozart's talent and claimed to have murdered him.",Milos Forman,"Milos Forman,F. Murray Abraham,Tom Hulce,Elizabeth Berridge",$51.97M
70,71.,Scarface,1983,A,170 min,8.3,"  In Miami in 1980, a determined Cuban immigrant takes over a drug cartel and succumbs to greed.",Brian De Palma,"Brian De Palma,Al Pacino,Michelle Pfeiffer,Steven Bauer",$45.60M
71,72.,Das Boot,1981,R,149 min,8.3,"  The claustrophobic world of a WWII German U-boat; boredom, filth and sheer terror.",Wolfgang Petersen,"Wolfgang Petersen,Jürgen Prochnow,Herbert Grönemeyer,Klaus Wennemann",$11.49M
72,73.,Taxi Driver,1976,No Data,114 min,8.3,"  A mentally unstable veteran works as a nighttime taxi driver in New York City, where the perceived decadence and sleaze fuels his urge for violent action by attempting to liberate a presidential campaign worker and an underage prostitute.",Martin Scorsese,"Martin Scorsese,Robert De Niro,Jodie Foster,Cybill Shepherd",$28.26M
73,74.,The Sting,1973,No Data,129 min,8.3,  Two grifters team up to pull off the ultimate con.,George Roy Hill,"George Roy Hill,Paul Newman,Robert Redford,Robert Shaw",$159.60M
74,75.,A Clockwork Orange,1971,No Data,136 min,8.3,"  In the future, a sadistic gang leader is imprisoned and volunteers for a conduct-aversion experiment, but it doesn't go as planned.",Stanley Kubrick,"Stanley Kubrick,Malcolm McDowell,Patrick Magee,Michael Bates",No Data
75,76.,To Kill a Mockingbird,1962,No Data,129 min,8.3,"  Atticus Finch, a lawyer in the Depression-era South, defends a black man against an undeserved rape charge, and his children against prejudice.",Robert Mulligan,"Robert Mulligan,Gregory Peck,John Megna,Frank Overton",No Data
76,77.,Lawrence of Arabia,1962,No Data,216 min,8.3,  The story of ,T.E. Lawrence,"T.E. Lawrence,David Lean,Peter O'Toole,Alec Guinness",$44.82M
77,78.,The Apartment,1960,No Data,125 min,8.3,"  A man tries to rise in his company by letting its executives use his apartment for trysts, but complications and a romance of his own ensue.",Billy Wilder,"Billy Wilder,Jack Lemmon,Shirley MacLaine,Fred MacMurray",$18.60M
78,79.,Ikiru,1952,No Data,143 min,8.3,  A bureaucrat tries to find a meaning in his life after he discovers he has terminal cancer.,Akira Kurosawa,"Akira Kurosawa,Takashi Shimura,Nobuo Kaneko,Shin'ichi Himori",$0.06M
79,80.,Ladri di biciclette,1948,No Data,89 min,8.3,"  In post-war Italy, a working-class man's bicycle is stolen. He and his son set out to find it.",Vittorio De Sica,"Vittorio De Sica,Lamberto Maggiorani,Enzo Staiola,Lianella Carell",$0.33M
80,81.,Double Indemnity,1944,No Data,107 min,8.3,  An insurance representative lets himself be talked into a murder/insurance fraud scheme that arouses the suspicion of an insurance investigator.,Billy Wilder,"Billy Wilder,Fred MacMurray,Barbara Stanwyck,Edward G. Robinson",$5.72M
81,82.,Citizen Kane,1941,PG,119 min,8.3,"  Following the death of publishing tycoon, Charles Foster Kane, reporters scramble to uncover the meaning of his final utterance; 'Rosebud'.",Orson Welles,"Orson Welles,Orson Welles,Joseph Cotten,Dorothy Comingore",$1.59M
82,83.,Metropolis,1927,No Data,153 min,8.3,"  In a futuristic city sharply divided between the working class and the city planners, the son of the city's mastermind falls in love with a working class prophet who predicts the coming of a savior to mediate their differences.",Fritz Lang,"Fritz Lang,Brigitte Helm,Alfred Abel,Gustav Fröhlich",$1.24M
83,84.,The Kid,1921,No Data,68 min,8.3,"  The Tramp cares for an abandoned child, but events put that relationship in jeopardy.",Charles Chaplin,"Charles Chaplin,Charles Chaplin,Edna Purviance,Jackie Coogan",$5.45M
84,85.,Green Book,2018,UA,130 min,8.2,  A working-class Italian-American bouncer becomes the driver of an African-American classical pianist on a tour of venues through the 1960s American South.,Peter Farrelly,"Peter Farrelly,Viggo Mortensen,Mahershala Ali,Linda Cardellini",$85.08M
85,86.,"Three Billboards Outside Ebbing, Missouri",2017,R,115 min,8.2,  A mother personally challenges the local authorities to solve her daughter's murder when they fail to catch the culprit.,Martin McDonagh,"Martin McDonagh,Frances McDormand,Woody Harrelson,Sam Rockwell",$54.51M
86,87.,Room,I) (2015,R,118 min,8.2,"  Held captive for 7 years in an enclosed space, a woman and her young son finally gain their freedom, allowing the boy to experience the outside world for the first time.",Lenny Abrahamson,"Lenny Abrahamson,Brie Larson,Jacob Tremblay,Sean Bridgers",$14.68M
87,88.,Kis Uykusu,2014,No Data,196 min,8.2,  A hotel owner and landlord in a remote Turkish village deals with conflicts within his family and a tenant behind on his rent.,Nuri Bilge Ceylan,"Nuri Bilge Ceylan,Haluk Bilginer,Melisa Sözen,Demet Akbag",$0.17M
88,89.,PK,2014,UA,153 min,8.2,  An alien on Earth loses the only device he can use to communicate with his spaceship. His innocent nature and child-like questions force the country to evaluate the impact of religion on its people.,Rajkumar Hirani,"Rajkumar Hirani,Aamir Khan,Anushka Sharma,Sanjay Dutt",$10.62M
89,90.,Inside Out,I) (2015,U,95 min,8.2,"  After young Riley is uprooted from her Midwest life and moved to San Francisco, her emotions - Joy, Fear, Anger, Disgust and Sadness - conflict on how best to navigate a new city, house, and school.",Pete Docter,"Pete Docter,Ronnie Del Carmen,Amy Poehler,Bill Hader",$356.46M
90,91.,Gangs of Wasseypur,2012,A,321 min,8.2,"  A clash between Sultan and Shahid Khan leads to the expulsion of Khan from Wasseypur, and ignites a deadly blood feud spanning three generations.",Anurag Kashyap,"Anurag Kashyap,Manoj Bajpayee,Richa Chadha,Nawazuddin Siddiqui",No Data
91,92.,El secreto de sus ojos,2009,R,129 min,8.2,  A retired legal counselor writes a novel hoping to find closure for one of his past unresolved homicide cases and for his unreciprocated love with his superior - both of which still haunt him decades later.,Juan José Campanella,"Juan José Campanella,Ricardo Darín,Soledad Villamil,Pablo Rago",$6.39M
92,93.,Warrior,2011,UA,140 min,8.2,"  The youngest son of an alcoholic former boxer returns home, where he's trained by his father for competition in a mixed martial arts tournament - a path that puts the fighter on a collision course with his estranged, older brother.",Gavin O'Connor,"Gavin O'Connor,Tom Hardy,Nick Nolte,Joel Edgerton",$13.66M
93,94.,A Wednesday,2008,UA,104 min,8.2,  A retiring police officer reminisces about the most astounding day of his career. About a case that was never filed but continues to haunt him in his memories - the case of a man and a Wednesday.,Neeraj Pandey,"Neeraj Pandey,Anupam Kher,Naseeruddin Shah,Jimmy Sheirgill",No Data
94,95.,The Wolf of Wall Street,2013,A,180 min,8.2,  Based on the true story of ,Jordan Belfort,"Jordan Belfort,Martin Scorsese,Leonardo DiCaprio,Jonah Hill",$116.90M
95,96.,Pan's Labyrinth,2006,R,118 min,8.2,"  In the Falangist Spain of 1944, the bookish young stepdaughter of a sadistic army officer escapes into an eerie but captivating fantasy world.",Guillermo del Toro,"Guillermo del Toro,Ivana Baquero,Ariadna Gil,Sergi López",$37.63M
96,97.,V for Vendetta,2005,A,132 min,8.2,"  In a future British tyranny, a shadowy freedom fighter, known only by the alias of ""V"", plots to overthrow it with the help of a young woman.",James McTeigue,"James McTeigue,Hugo Weaving,Natalie Portman,Rupert Graves",$70.51M
97,98.,Rang De Basanti,2006,UA,167 min,8.2,"  The story of six young Indians who assist an English woman to film a documentary on the freedom fighters from their past, and the events that lead them to relive the long-forgotten saga of freedom.",Rakeysh Omprakash Mehra,"Rakeysh Omprakash Mehra,Aamir Khan,Soha Ali Khan,Siddharth",$2.20M
98,99.,Munna Bhai M.B.B.S.,2003,U,156 min,8.2,  A gangster sets out to fulfill his father's dream of becoming a doctor.,Rajkumar Hirani,"Rajkumar Hirani,Sanjay Dutt,Arshad Warsi,Gracy Singh",No Data
99,100.,"Swades: We, the People",2004,U,210 min,8.2,  A successful Indian scientist returns to an Indian village to take his nanny to America with him and in the process rediscovers his roots.,Ashutosh Gowariker,"Ashutosh Gowariker,Shah Rukh Khan,Gayatri Joshi,Kishori Ballal",$1.22M
100,101.,Der Untergang,2004,R,156 min,8.2,"  Traudl Junge, the final secretary for Adolf Hitler, tells of the Nazi dictator's final days in his Berlin bunker at the end of WWII.",Oliver Hirschbiegel,"Oliver Hirschbiegel,Bruno Ganz,Alexandra Maria Lara,Ulrich Matthes",$5.51M
101,102.,A Beautiful Mind,2001,PG-13,135 min,8.2,  After ,John Nash,"John Nash,Ron Howard,Russell Crowe,Ed Harris",$170.74M
102,103.,"Shin seiki Evangelion Gekijô-ban: Air/Magokoro wo, kimi ni",1997,No Data,90 min,8.2,  Concurrent theatrical ending of the TV series ,Shin Seiki Evangerion,"Shin Seiki Evangerion,Hideaki Anno,Kazuya Tsurumaki,Megumi Ogata",No Data
103,104.,Lagaan: Once Upon a Time in India,2001,PG,224 min,8.2,  The people of a small village in Victorian India stake their future on a game of cricket against their ruthless British rulers.,Ashutosh Gowariker,"Ashutosh Gowariker,Aamir Khan,Raghuvir Yadav,Gracy Singh",$0.07M
104,105.,L.A. Confidential,1997,R,138 min,8.2,"  As corruption grows in 1950s Los Angeles, three policemen -- one strait-laced, one brutal, and one sleazy -- investigate a series of murders with their own brand of justice.",Curtis Hanson,"Curtis Hanson,Kevin Spacey,Russell Crowe,Guy Pearce",$64.62M
105,106.,Heat,1995,R,170 min,8.2,  A group of professional bank robbers start to feel the heat from police when they unknowingly leave a clue at their latest heist.,Michael Mann,"Michael Mann,Al Pacino,Robert De Niro,Val Kilmer",$67.44M
106,107.,Casino,1995,A,178 min,8.2,"  A tale of greed, deception, money, power, and murder occur between two best friends: a mafia enforcer and a casino executive, compete against each other over a gambling empire, and over a fast living and fast loving socialite.",Martin Scorsese,"Martin Scorsese,Robert De Niro,Sharon Stone,Joe Pesci",$42.44M
107,108.,Unforgiven,1992,R,130 min,8.2,"  Retired Old West gunslinger William Munny reluctantly takes on one last job, with the help of his old partner and a young man.",Clint Eastwood,"Clint Eastwood,Clint Eastwood,Gene Hackman,Morgan Freeman",$101.16M
108,109.,Ran,1985,No Data,162 min,8.2,"  In Medieval Japan, an elderly warlord retires, handing over his empire to his three sons. However, he vastly underestimates how the new-found power will corrupt them and cause them to turn on each other...and him.",Akira Kurosawa,"Akira Kurosawa,Tatsuya Nakadai,Akira Terao,Jinpachi Nezu",$3.52M
109,110.,Raging Bull,1980,No Data,129 min,8.2,  The life of boxer ,Jake LaMotta,"Jake LaMotta,Martin Scorsese,Robert De Niro,Cathy Moriarty",$23.38M
110,111.,Stalker,1979,No Data,162 min,8.2,  A guide leads two men through an area known as the Zone to find a room that grants wishes.,Andrei Tarkovsky,"Andrei Tarkovsky,Alisa Freyndlikh,Aleksandr Kaydanovskiy,Anatoliy Solonitsyn",$0.23M
111,112.,Sholay,1975,Not Rated,198 min,8.2,"  After his family is murdered by a notorious and ruthless bandit, a former police officer enlists the services of two outlaws to capture the bandit.",Ramesh Sippy,"Ramesh Sippy,Sanjeev Kumar,Dharmendra,Amitabh Bachchan",No Data
112,113.,Chinatown,1974,No Data,130 min,8.2,"  A private detective hired to expose an adulterer finds himself caught up in a web of deceit, corruption, and murder.",Roman Polanski,"Roman Polanski,Jack Nicholson,Faye Dunaway,John Huston",$29.20M
113,114.,Andrei Rublev,1966,No Data,205 min,8.2,"  The life, times and afflictions of the fifteenth-century Russian iconographer St. Andrei Rublev.",Andrei Tarkovsky,"Andrei Tarkovsky,Anatoliy Solonitsyn,Ivan Lapikov,Nikolay Grinko",$0.10M
114,115.,The Great Escape,1963,No Data,172 min,8.2,  Allied prisoners of war plan for several hundred of their number to escape from a German camp during World War II.,John Sturges,"John Sturges,Steve McQueen,James Garner,Richard Attenborough",$12.10M
115,116.,El ángel exterminador,1962,No Data,95 min,8.2,  The guests at an upper-class dinner party find themselves unable to leave.,Luis Buñuel,"Luis Buñuel,Silvia Pinal,Jacqueline Andere,Enrique Rambal",No Data
116,117.,Yôjinbô,1961,No Data,110 min,8.2,  A crafty ronin comes to a town divided by two criminal gangs and decides to play them against each other to free the town.,Akira Kurosawa,"Akira Kurosawa,Toshirô Mifune,Eijirô Tôno,Tatsuya Nakadai",No Data
117,118.,Judgment at Nuremberg,1961,No Data,186 min,8.2,"  In 1948, an American court in occupied Germany tries four Nazis judged for war crimes.",Stanley Kramer,"Stanley Kramer,Spencer Tracy,Burt Lancaster,Richard Widmark",No Data
118,119.,Smultronstället,1957,No Data,91 min,8.2,"  After living a life marked by coldness, an aging professor is forced to confront the emptiness of his existence.",Ingmar Bergman,"Ingmar Bergman,Victor Sjöström,Bibi Andersson,Ingrid Thulin",No Data
119,120.,Det sjunde inseglet,1957,No Data,96 min,8.2,"  A man seeks answers about life, death, and the existence of God as he plays chess against the Grim Reaper during the Black Plague.",Ingmar Bergman,"Ingmar Bergman,Max von Sydow,Gunnar Björnstrand,Bengt Ekerot",No Data
120,121.,Tôkyô monogatari,1953,No Data,136 min,8.2,  An old couple visit their children and grandchildren in the city; but the children have little time for them.,Yasujirô Ozu,"Yasujirô Ozu,Chishû Ryû,Chieko Higashiyama,Sô Yamamura",No Data
121,122.,Rashômon,1950,No Data,88 min,8.2,"  The rape of a bride and the murder of her samurai husband are recalled from the perspectives of a bandit, the bride, the samurai's ghost and a woodcutter.",Akira Kurosawa,"Akira Kurosawa,Toshirô Mifune,Machiko Kyô,Masayuki Mori",$0.10M
122,123.,All About Eve,1950,No Data,138 min,8.2,  An ingénue insinuates herself into the lives of an established but aging stage actress and her circle of theater friends.,Joseph L. Mankiewicz,"Joseph L. Mankiewicz,Bette Davis,Anne Baxter,George Sanders",$0.01M
123,124.,The Treasure of the Sierra Madre,1948,No Data,126 min,8.2,"  Fred Dobbs and Bob Curtin, two Americans searching for work in Mexico, convince an old prospector to help them mine for gold in the Sierra Madre Mountains.",John Huston,"John Huston,Humphrey Bogart,Walter Huston,Tim Holt",$5.01M
124,125.,La passion de Jeanne d'Arc,1928,No Data,110 min,8.2,"  In 1431, Jeanne d'Arc is placed on trial on charges of heresy. The ecclesiastical jurists attempt to force Jeanne to recant her claims of holy visions.",Carl Theodor Dreyer,"Carl Theodor Dreyer,Maria Falconetti,Eugene Silvain,André Berley",$0.02M
125,126.,The Gold Rush,1925,No Data,95 min,8.2,  A prospector goes to the Klondike in search of gold and finds it and more.,Charles Chaplin,"Charles Chaplin,Charles Chaplin,Mack Swain,Tom Murray",$5.45M
126,127.,Once Upon a Time... in Hollywood,2019,A,161 min,8.1,  A faded television actor and his stunt double strive to achieve fame and success in the film industry during the final years of Hollywood's Golden Age in 1969 Los Angeles.,Quentin Tarantino,"Quentin Tarantino,Leonardo DiCaprio,Brad Pitt,Margot Robbie",$125.62M
127,128.,Ah-ga-ssi,2016,No Data,145 min,8.1,"  A woman is hired as a handmaiden to a Japanese heiress, but secretly she is involved in a plot to defraud her.",Chan-wook Park,"Chan-wook Park,Min-hee Kim,Jung-woo Ha,Jinwoong Cho",$2.01M
128,129.,Logan,2017,A,137 min,8.1,"  In a future where mutants are nearly extinct, an elderly and weary Logan leads a quiet life. But when Laura, a mutant child pursued by scientists, comes to him for help, he must get her to safety.",James Mangold,"James Mangold,Hugh Jackman,Patrick Stewart,Dafne Keen",$226.28M
129,130.,Relatos salvajes,2014,R,122 min,8.1,  Six short stories that explore the extremities of human behavior involving people in distress.,Damián Szifron,"Damián Szifron,Darío Grandinetti,María Marull,Mónica Villa",$3.11M
130,131.,The Grand Budapest Hotel,2014,R,99 min,8.1,"  The adventures of Gustave H, a legendary concierge at a famous hotel from the fictional Republic of Zubrowka between the first and second World Wars, and Zero Moustafa, the lobby boy who becomes his most trusted friend.",Wes Anderson,"Wes Anderson,Ralph Fiennes,F. Murray Abraham,Mathieu Amalric",$59.10M
131,132.,Gone Girl,2014,A,149 min,8.1,"  With his wife's disappearance having become the focus of an intense media circus, a man sees the spotlight turned on him when it's suspected that he may not be innocent.",David Fincher,"David Fincher,Ben Affleck,Rosamund Pike,Neil Patrick Harris",$167.77M
132,133.,Hacksaw Ridge,2016,R,139 min,8.1,  World War II American Army Medic ,Desmond T. Doss,"Desmond T. Doss,Mel Gibson,Andrew Garfield,Sam Worthington",$67.21M
133,134.,12 Years a Slave,2013,A,134 min,8.1,"  In the antebellum United States, ",Solomon Northup,"Solomon Northup,Steve McQueen,Chiwetel Ejiofor,Michael Kenneth Williams",$56.67M
134,135.,Rush,I) (2013,UA,123 min,8.1,  The merciless 1970s rivalry between Formula One rivals ,James Hunt,"James Hunt,Niki Lauda,Ron Howard,Daniel Brühl",$26.95M
135,136.,Spotlight,I) (2015,R,129 min,8.1,"  The true story of how the Boston Globe uncovered the massive scandal of child molestation and cover-up within the local Catholic Archdiocese, shaking the entire Catholic Church to its core.",Tom McCarthy,"Tom McCarthy,Mark Ruffalo,Michael Keaton,Rachel McAdams",$45.06M
136,137.,The Help,2011,UA,146 min,8.1,"  An aspiring author during the civil rights movement of the 1960s decides to write a book detailing the African American maids' point of view on the white families for which they work, and the hardships they go through on a daily basis.",Tate Taylor,"Tate Taylor,Emma Stone,Viola Davis,Octavia Spencer",$169.71M
137,138.,Prisoners,2013,R,153 min,8.1,"  When Keller Dover's daughter and her friend go missing, he takes matters into his own hands as the police pursue multiple leads and the pressure mounts.",Denis Villeneuve,"Denis Villeneuve,Hugh Jackman,Jake Gyllenhaal,Viola Davis",$61.00M
138,139.,Gran Torino,2008,R,116 min,8.1,"  Disgruntled Korean War veteran Walt Kowalski sets out to reform his neighbor, a Hmong teenager who tried to steal Kowalski's prized possession: a 1972 Gran Torino.",Clint Eastwood,"Clint Eastwood,Clint Eastwood,Bee Vang,Christopher Carley",$148.10M
139,140.,Harry Potter and the Deathly Hallows: Part 2,2011,PG-13,130 min,8.1,"  Harry, Ron, and Hermione search for Voldemort's remaining Horcruxes in their effort to destroy the Dark Lord as the final battle rages on at Hogwarts.",David Yates,"David Yates,Daniel Radcliffe,Emma Watson,Rupert Grint",$381.01M
140,141.,Hachi: A Dog's Tale,2009,No Data,93 min,8.1,  A college professor bonds with an abandoned dog he takes into his home.,Lasse Hallström,"Lasse Hallström,Richard Gere,Joan Allen,Cary-Hiroyuki Tagawa",No Data
141,142.,Mary and Max,2009,No Data,92 min,8.1,"  A tale of friendship between two unlikely pen pals: Mary, a lonely, eight-year-old girl living in the suburbs of Melbourne, and Max, a forty-four-year old, severely obese man living in New York.",Adam Elliot,"Adam Elliot,Toni Collette,Philip Seymour Hoffman,Eric Bana",No Data
142,143.,Into the Wild,2007,R,148 min,8.1,"  After graduating from Emory University, top student and athlete Christopher McCandless abandons his possessions, gives his entire $24,000 savings account to charity and hitchhikes to Alaska to live in the wilderness. Along the way, Christopher encounters a series of characters that shape his life.",Sean Penn,"Sean Penn,Emile Hirsch,Vince Vaughn,Catherine Keener",$18.35M
143,144.,No Country for Old Men,2007,R,122 min,8.1,  Violence and mayhem ensue after a hunter stumbles upon a drug deal gone wrong and more than two million dollars in cash near the Rio Grande.,Ethan Coen,"Ethan Coen,Joel Coen,Tommy Lee Jones,Javier Bardem",$74.28M
144,145.,There Will Be Blood,2007,R,158 min,8.1,"  A story of family, religion, hatred, oil and madness, focusing on a turn-of-the-century prospector in the early days of the business.",Paul Thomas Anderson,"Paul Thomas Anderson,Daniel Day-Lewis,Paul Dano,Ciarán Hinds",$40.22M
145,146.,Million Dollar Baby,2004,UA,132 min,8.1,  A determined woman works with a hardened boxing trainer to become a professional.,Clint Eastwood,"Clint Eastwood,Hilary Swank,Clint Eastwood,Morgan Freeman",$100.49M
146,147.,Hotel Rwanda,2004,PG-13,121 min,8.1,  Paul Rusesabagina was a hotel manager who housed over a thousand Tutsi refugees during their struggle against the Hutu militia in Rwanda.,Terry George,"Terry George,Don Cheadle,Sophie Okonedo,Joaquin Phoenix",$23.53M
147,148.,Salinui chueok,2003,No Data,131 min,8.1,"  In a small Korean province in 1986, three detectives struggle with the case of multiple young women being found raped and murdered by an unknown culprit.",Bong Joon Ho,"Bong Joon Ho,Kang-ho Song,Sang-kyung Kim,Roe-ha Kim",$0.01M
148,149.,Mou gaan dou,2002,UA,101 min,8.1,"  A story between a mole in the police department and an undercover cop. Their objectives are the same: to find out who is the mole, and who is the cop.",Andrew Lau Wai-Keung,"Andrew Lau Wai-Keung,Alan Mak,Andy Lau,Tony Chiu-Wai Leung",$0.17M
149,150.,Catch Me If You Can,2002,UA,141 min,8.1,"  A seasoned FBI agent pursues Frank Abagnale Jr. who, before his 19th birthday, successfully forged millions of dollars' worth of checks while posing as a Pan Am pilot, a doctor, and a legal prosecutor.",Steven Spielberg,"Steven Spielberg,Leonardo DiCaprio,Tom Hanks,Christopher Walken",$164.62M
150,151.,Amores perros,2000,R,154 min,8.1,"  A horrific car accident connects three stories, each involving characters dealing with loss, regret, and life's harsh realities, all in the name of love.",Alejandro G. Iñárritu,"Alejandro G. Iñárritu,Emilio Echevarría,Gael García Bernal,Goya Toledo",$5.38M
151,152.,The Sixth Sense,1999,PG-13,107 min,8.1,  A boy who communicates with spirits seeks the help of a disheartened child psychologist.,M. Night Shyamalan,"M. Night Shyamalan,Bruce Willis,Haley Joel Osment,Toni Collette",$293.51M
152,153.,La leggenda del pianista sull'oceano,1998,R,170 min,8.1,"  A baby boy, discovered in 1900 on an ocean liner, grows into a musical prodigy, never setting foot on land.",Giuseppe Tornatore,"Giuseppe Tornatore,Tim Roth,Pruitt Taylor Vince,Mélanie Thierry",$0.26M
153,154.,The Truman Show,1998,PG,103 min,8.1,  An insurance salesman discovers his whole life is actually a reality TV show.,Peter Weir,"Peter Weir,Jim Carrey,Ed Harris,Laura Linney",$125.62M
154,155.,Faa yeung nin wa,2000,PG,98 min,8.1,"  Two neighbors, a woman and a man, form a strong bond after both suspect extramarital activities of their spouses. However, they agree to keep their bond platonic so as not to commit similar wrongs.",Kar-Wai Wong,"Kar-Wai Wong,Tony Chiu-Wai Leung,Maggie Cheung,Ping Lam Siu",$2.73M
155,156.,Trainspotting,1996,R,93 min,8.1,"  Renton, deeply immersed in the Edinburgh drug scene, tries to clean up and get out, despite the allure of the drugs and influence of friends.",Danny Boyle,"Danny Boyle,Ewan McGregor,Ewen Bremner,Jonny Lee Miller",$16.50M
156,157.,Fargo,1996,R,98 min,8.1,  Jerry Lundegaard's inept crime falls apart due to his and his henchmen's bungling and the persistent police work of the quite pregnant Marge Gunderson.,Joel Coen,"Joel Coen,Ethan Coen,William H. Macy,Frances McDormand",$24.61M
157,158.,La haine,1995,No Data,98 min,8.1,  24 hours in the lives of three young men in the French suburbs the day after a violent riot.,Mathieu Kassovitz,"Mathieu Kassovitz,Vincent Cassel,Hubert Koundé,Saïd Taghmaoui",$0.31M
158,159.,Before Sunrise,1995,R,101 min,8.1,"  A young man and woman meet on a train in Europe, and wind up spending one evening together in Vienna. Unfortunately, both know that this will probably be their only night together.",Richard Linklater,"Richard Linklater,Ethan Hawke,Julie Delpy,Andrea Eckert",$5.54M
159,160.,In the Name of the Father,1993,R,133 min,8.1,  A man's coerced confession to an IRA bombing he did not commit results in the imprisonment of his father as well. An English lawyer fights to free them.,Jim Sheridan,"Jim Sheridan,Daniel Day-Lewis,Pete Postlethwaite,Alison Crosbie",$25.01M
160,161.,Dead Poets Society,1989,No Data,128 min,8.1,  English teacher John Keating inspires his students to look at poetry with a different perspective of authentic knowledge and feelings.,Peter Weir,"Peter Weir,Robin Williams,Robert Sean Leonard,Ethan Hawke",$95.86M
161,162.,Akira,1988,R,124 min,8.1,  A secret military project endangers Neo-Tokyo when it turns a biker gang member into a rampaging psychic psychopath who can only be stopped by two teenagers and a group of psychics.,Katsuhiro Ôtomo,"Katsuhiro Ôtomo,Mitsuo Iwata,Nozomu Sasaki,Mami Koyama",$0.55M
162,163.,Stand by Me,1986,No Data,89 min,8.1,"  After the death of one of his friends, a writer recounts a boyhood journey with his friends to find the body of a missing boy.",Rob Reiner,"Rob Reiner,Wil Wheaton,River Phoenix,Corey Feldman",$52.29M
163,164.,Platoon,1986,A,120 min,8.1,  A young soldier in Vietnam faces a moral crisis when confronted with the horrors of war and the duality of man.,Oliver Stone,"Oliver Stone,Charlie Sheen,Tom Berenger,Willem Dafoe",$138.53M
164,165.,"Paris, Texas",1984,No Data,145 min,8.1,"  Travis Henderson, an aimless drifter who has been missing for four years, wanders out of the desert and must reconnect with society, himself, his life, and his family.",Wim Wenders,"Wim Wenders,Harry Dean Stanton,Nastassja Kinski,Dean Stockwell",$2.18M
165,166.,The Elephant Man,1980,No Data,124 min,8.1,"  A Victorian surgeon rescues a heavily disfigured man who is mistreated while scraping a living as a side-show freak. Behind his monstrous façade, there is revealed a person of kindness, intelligence and sophistication.",David Lynch,"David Lynch,Anthony Hopkins,John Hurt,Anne Bancroft",No Data
166,167.,The Deer Hunter,1978,A,183 min,8.1,  An in-depth examination of the ways in which the U.S. Vietnam War impacts and disrupts the lives of people in a small industrial town in Pennsylvania.,Michael Cimino,"Michael Cimino,Robert De Niro,Christopher Walken,John Cazale",$48.98M
167,168.,Rocky,1976,No Data,120 min,8.1,  A small-time boxer gets a supremely rare chance to fight a heavy-weight champion in a bout in which he strives to go the distance for his self-respect.,John G. Avildsen,"John G. Avildsen,Sylvester Stallone,Talia Shire,Burt Young",$117.24M
168,169.,Network,1976,No Data,121 min,8.1,  A television network cynically exploits a deranged former anchor's ravings and revelations about the news media for its own profit.,Sidney Lumet,"Sidney Lumet,Faye Dunaway,William Holden,Peter Finch",No Data
169,170.,Barry Lyndon,1975,No Data,185 min,8.1,  An Irish rogue wins the heart of a rich widow and assumes her dead husband's aristocratic position in 18th-century England.,Stanley Kubrick,"Stanley Kubrick,Ryan O'Neal,Marisa Berenson,Patrick Magee",No Data
170,171.,Cool Hand Luke,1967,No Data,127 min,8.1,"  A laid back Southern man is sentenced to two years in a rural prison, but refuses to conform.",Stuart Rosenberg,"Stuart Rosenberg,Paul Newman,George Kennedy,Strother Martin",No Data
171,172.,Persona,1966,No Data,85 min,8.1,  A nurse is put in charge of a mute actress and finds that their personae are melding together.,Ingmar Bergman,"Ingmar Bergman,Bibi Andersson,Liv Ullmann,Margaretha Krook",No Data
172,173.,La battaglia di Algeri,1966,No Data,121 min,8.1,"  In the 1950s, fear and violence escalate as the people of Algiers fight for independence from the French government.",Gillo Pontecorvo,"Gillo Pontecorvo,Brahim Hadjadj,Jean Martin,Yacef Saadi",$0.06M
173,174.,Les quatre cents coups,1959,No Data,99 min,8.1,"  A young boy, left without attention, delves into a life of petty crime.",François Truffaut,"François Truffaut,Jean-Pierre Léaud,Albert Rémy,Claire Maurier",No Data
174,175.,Ben-Hur,1959,No Data,212 min,8.1,"  When a Jewish prince is betrayed and sent into slavery by a Roman friend, he regains his freedom and comes back for revenge.",William Wyler,"William Wyler,Charlton Heston,Jack Hawkins,Stephen Boyd",$74.70M
175,176.,The Bridge on the River Kwai,1957,PG,161 min,8.1,"  After settling his differences with a Japanese P.O.W. camp commander, a British colonel co-operates to oversee his men's construction of a railway bridge for their captors, while oblivious to a plan by the Allies to destroy it.",David Lean,"David Lean,William Holden,Alec Guinness,Jack Hawkins",$44.91M
176,177.,On the Waterfront,1954,No Data,108 min,8.1,  An ex-prize fighter turned longshoreman struggles to stand up to his corrupt union bosses.,Elia Kazan,"Elia Kazan,Marlon Brando,Karl Malden,Lee J. Cobb",$9.60M
177,178.,Le salaire de la peur,1953,No Data,131 min,8.1,"  In a decrepit South American village, four men are hired to transport an urgent nitroglycerine shipment without the equipment that would make it safe.",Henri-Georges Clouzot,"Henri-Georges Clouzot,Yves Montand,Charles Vanel,Peter van Eyck",No Data
178,179.,Rebecca,1940,No Data,130 min,8.1,  A self-conscious woman juggles adjusting to her new role as an aristocrat's wife and avoiding being intimidated by his first wife's spectral presence.,Alfred Hitchcock,"Alfred Hitchcock,Laurence Olivier,Joan Fontaine,George Sanders",$4.36M
179,180.,Mr. Smith Goes to Washington,1939,No Data,129 min,8.1,"  A naive man is appointed to fill a vacancy in the United States Senate. His plans promptly collide with political corruption, but he doesn't back down.",Frank Capra,"Frank Capra,James Stewart,Jean Arthur,Claude Rains",$9.60M
180,181.,Gone with the Wind,1939,No Data,238 min,8.1,  A manipulative woman and a roguish man conduct a turbulent romance during the American Civil War and Reconstruction periods.,Victor Fleming,"Victor Fleming,George Cukor,Sam Wood,Clark Gable",$198.68M
181,182.,The General,1926,No Data,67 min,8.1,"  When Union spies steal an engineer's beloved locomotive, he pursues it single-handedly and straight through enemy lines.",Clyde Bruckman,"Clyde Bruckman,Buster Keaton,Buster Keaton,Marion Mack",No Data
182,183.,Before Sunset,2004,R,80 min,8.0,"  Nine years after Jesse and Celine first met, they encounter each other again on the French leg of Jesse's book tour.",Richard Linklater,"Richard Linklater,Ethan Hawke,Julie Delpy,Vernon Dobtcheff",$5.82M
183,184.,Butch Cassidy and the Sundance Kid,1969,PG,110 min,8.0,"  Wyoming, early 1900s. Butch Cassidy and The Sundance Kid are the leaders of a band of outlaws. After a train robbery goes wrong they find themselves on the run with a posse hard on their heels. Their solution - escape to Bolivia.",George Roy Hill,"George Roy Hill,Paul Newman,Robert Redford,Katharine Ross",$102.31M
